name,Unnamed: 1,style,title,title_thai,price
M2-romer_001_attr1_subject,,style2,"Harga senyum-senyum!
 Beli jangan ragu!","ราคายิ้มๆ!
อย่าลังเลที่จะซื้อ!",
M1-findlay_003_attr1_subject,,style1,"Grab cepat
Stok laris seperti roti canai","คว้าด่วน
ขายดีเหมือนโรตี",
M4-donal_005_attr1_subject,,style1,"Grab cepat
Stok laris seperti roti canai","คว้าด่วน
ขายดีเหมือนโรตี",
M9-hoig_003_attr1_subject,,style4,"Diskon gila!
 Tak beli rugi sampai menangis!","ส่วนลดบ้า!
ไม่ซื้อเสียใจ!",
M10-mosh_001_attr1_subject,,style1,"Grab cepat
Stok laris seperti roti canai","คว้าด่วน
ขายดีเหมือนโรตี",
M3-morri_003_attr1_subject,,style2,"Harga senyum-senyum!
 Beli jangan ragu!","ราคายิ้มๆ!
อย่าลังเลที่จะซื้อ!",
M3-morri_005_attr1_subject,,style5,"Harga senyum-senyum!
 Beli jangan ragu!","ราคายิ้มๆ!
อย่าลังเลที่จะซื้อ!",
M9-hoig_001_attr1_subject,,style5,"Harga senyum-senyum!
 Beli jangan ragu!","ราคายิ้มๆ!
อย่าลังเลที่จะซื้อ!",
M5-king_003_attr1_subject,,style4,"Harga senyum-senyum!
 Beli jangan ragu!","ราคายิ้มๆ!
อย่าลังเลที่จะซื้อ!",
M6-flem_003_attr1_subject,,style1,"Grab cepat
Stok laris seperti roti canai","คว้าด่วน
ขายดีเหมือนโรตี",
M2-romer_005_attr1_subject,,style1,"Harga senyum-senyum!
 Beli jangan ragu!","ราคายิ้มๆ!
อย่าลังเลที่จะซื้อ!",
M10-mosh_007_attr1_subject,,style5,"Harga senyum-senyum!
 Beli jangan ragu!","ราคายิ้มๆ!
อย่าลังเลที่จะซื้อ!",
M7-lene_003_attr1_subject,,style4,"Harga senyum-senyum!
 Beli jangan ragu!","ราคายิ้มๆ!
อย่าลังเลที่จะซื้อ!",
M5-king_007_attr1_subject,,style5,"Harga senyum-senyum!
 Beli jangan ragu!","ราคายิ้มๆ!
อย่าลังเลที่จะซื้อ!",
M4-donal_003_attr1_subject,,style3,"Harga senyum-senyum!
 Beli jangan ragu!","ราคายิ้มๆ!
อย่าลังเลที่จะซื้อ!",
M5-king_001_attr1_subject,,style2,"Harga senyum-senyum!
 Beli jangan ragu!","ราคายิ้มๆ!
อย่าลังเลที่จะซื้อ!",
M7-lene_005_attr1_subject,,style3,"Diskon gila!
 Tak beli rugi sampai menangis!","ส่วนลดบ้า!
ไม่ซื้อเสียใจ!",
M10-mosh_005_attr1_subject,,style5,"Diskon gila!
 Tak beli rugi sampai menangis!","ส่วนลดบ้า!
ไม่ซื้อเสียใจ!",
M7-lene_001_attr1_subject,,style5,"Harga senyum-senyum!
 Beli jangan ragu!","ราคายิ้มๆ!
อย่าลังเลที่จะซื้อ!",
M8-kodi_001_attr1_subject,,style3,"Harga senyum-senyum!
 Beli jangan ragu!","ราคายิ้มๆ!
อย่าลังเลที่จะซื้อ!",
M2-romer_003_attr1_subject,,style5,"Diskon gila!
 Tak beli rugi sampai menangis!","ส่วนลดบ้า!
ไม่ซื้อเสียใจ!",
M10-mosh_005_attr1_subject_chf3_prob4,,style2,"Grab cepat
Stok laris seperti roti canai","คว้าด่วน
ขายดีเหมือนโรตี",
M5-king_005_attr1_subject,,style1,"Grab cepat
Stok laris seperti roti canai","คว้าด่วน
ขายดีเหมือนโรตี",
M6-flem_005_attr1_subject,,style3,"Diskon gila!
 Tak beli rugi sampai menangis!","ส่วนลดบ้า!
ไม่ซื้อเสียใจ!",
M8-kodi_005_attr1_subject,,style1,"Diskon gila!
 Tak beli rugi sampai menangis!","ส่วนลดบ้า!
ไม่ซื้อเสียใจ!",
M8-kodi_003_attr1_subject,,style1,"Harga senyum-senyum!
 Beli jangan ragu!","ราคายิ้มๆ!
อย่าลังเลที่จะซื้อ!",
M3-morri_001_attr1_subject,,style1,"Harga senyum-senyum!
 Beli jangan ragu!","ราคายิ้มๆ!
อย่าลังเลที่จะซื้อ!",
,,style4,"Harga senyum-senyum!
 Beli jangan ragu!","ราคายิ้มๆ!
อย่าลังเลที่จะซื้อ!",
,,style2,"Grab cepat
Stok laris seperti roti canai","คว้าด่วน
ขายดีเหมือนโรตี",
,,style3,"Diskon gila!
 Tak beli rugi sampai menangis!","ส่วนลดบ้า!
ไม่ซื้อเสียใจ!",